ID,Title,Author,Year,Format,File
1,The Little Book of Emotional Freedom,Dipanshu Rawal,2022,PDF,ebook/The-Little-Book-of-Emotional-Freedom.pdf
2,Frank Merriwell Juniors Golden Trail or The Fugitive Professor,Burt L. Standish,1912,PDF,ebook/Frank-Merriwell-Juniors-Golden-Trail-or-The-Fugitive-Professor.pdf
3,LITTLE STORIES FOR LITTLE CHILDREN,JOSEPH MASTERS,1915,PDF,ebook/JOSEPH MASTERS/Little Story.pdf
4,OLIVER TWIST,Charles Dickens,1923/PDF,ebook/Charles Dickens/Oliver-Twist.pdf
5,On-the-Trail-of-the-Space-Pirates,CAREY ROCKWELL,1953/PDF,ebook/On-the-Trail-of-the-Space-Pirates.pdf
6,Sabotage-in-Space,CAREY ROCKWELL,1955/PDF,ebook/Sabotage-in-Space.pdf
7,The-Adventures-of-Harry-Revel,Arthur Thomas Quiller-Couch,1903/PDF,ebook/The-Adventures-of-Harry-Revel.pdf
8,The-Prince-and-the-Pauper-Part-4,Mark Twain,1882/PDF,ebook/[The-Prince-and-the-Pauper-Part-4.pdf
9,The-White-Feather,P. G. Wodehouse,1905/PDF,ebook/The-White-Feather.pdf
10.Twice-Bought,R.M. Ballantyne,1972/PDF,ebook/Twice-Bought.pdf
11.Resume Webinar,Rafie Budiansyah,2025/PDF,ebook/ResumeWebinar.pdf
